ds,yhat,yhat_lower,yhat_upper
2011-01-01,-36.24845478402176,-1217.2126937340265,1250.75890077131
2011-01-02,-291.49283157696254,-1515.951034273263,939.3532230142274
2011-01-03,-107.804835370604,-1376.0706067810809,1142.3001800638326
2011-01-04,141.1841974164263,-1043.8140013053671,1371.8417575593642
2011-01-05,265.6838412918678,-988.8673398884654,1608.7924729752099
2011-01-06,474.61074292669605,-775.1102393025213,1776.7467515703404
2011-01-07,589.865274736675,-679.335512004938,1797.6386173720457
2011-01-08,586.942423983242,-637.9765665962021,1782.8455101663562
2011-01-09,356.30758726587374,-888.4990095460018,1687.775240821704
2011-01-10,554.2190941917686,-678.9981682494287,1827.2790238689286
2011-01-11,807.1829245553463,-376.5577163197759,2020.733759309612
2011-01-12,925.7669536638944,-375.46949999155385,2166.3653324519764
2011-01-13,1119.4524600127354,-106.11343977523217,2380.229003515647
2011-01-14,1210.8912470430648,19.4120163151759,2449.5070072226317
2011-01-15,1176.4927318127232,-19.759002192104624,2291.5590532105607
2011-01-16,907.77238584362,-278.56492560369907,2199.193106395051
2011-01-17,1062.144152041001,-224.36292084365638,2362.601856676153
2011-01-18,1267.343163573244,-2.3767315117685373,2460.2941510498617
2011-01-19,1335.2069976510022,38.268267385182156,2562.4811283638214
2011-01-20,1476.4941079762634,267.2828499454591,2753.000071432375
2011-01-21,1515.1086829569904,262.4991671229218,2727.602725839173
2011-01-22,1428.657138811931,169.1832458129739,2651.5196204814306
2011-01-23,1109.768426700266,-172.22925037029714,2375.1942461028802
2011-01-24,1216.8614877515051,-46.25180289159488,2388.2317490127593
2011-01-25,1378.5467895784072,128.39088219110457,2690.7027433232015
2011-01-26,1407.3906650775637,139.3459485494427,2672.5481486704975
2011-01-27,1514.721458873444,331.5991215142021,2746.863340448064
2011-01-28,1524.8469463624842,331.812162163222,2814.5233433867056
2011-01-29,1415.6083137271994,273.33608715654276,2665.6570396029706
2011-01-30,1079.7028131837608,-213.97224712871127,2272.507596823621
2011-01-31,1175.4582243008297,-86.5830703521408,2390.440253378169
2011-02-01,1331.2457213363539,70.65791141096007,2567.497853393056
2011-02-02,1359.2594167011498,159.38660555155178,2694.615983130815
2011-02-03,1470.341027706079,285.06652917707794,2699.8457914840487
2011-02-04,1488.2184928448175,294.9969703517559,2862.3000639697625
2011-02-05,1390.0831177650487,208.3690232443433,2701.0749400353166
2011-02-06,1067.9366147162161,-200.06487350087255,2412.5676151500493
2011-02-07,1179.39039463171,31.144313294022425,2380.4159628463635
2011-02-08,1352.1029422359607,67.70821129815884,2628.8584981154645
2011-02-09,1397.5827997609517,168.52545399014303,2642.9856593675836
2011-02-10,1526.0349086617,210.19014301307965,2717.495330913847
2011-02-11,1560.6185048025468,335.1642637416378,2846.0228533912987
2011-02-12,1478.040601375576,226.48012537463222,2691.9299728245646
2011-02-13,1169.9159776044091,68.87567441596273,2529.4120119148174
2011-02-14,1293.5756988443582,62.525955180386006,2654.28713574645
2011-02-15,1476.509785746674,207.56113499550486,2789.817994531835
2011-02-16,1530.1714710278022,261.4851029295717,2791.3468477342876
2011-02-17,1664.8208329671052,372.60731126477725,2881.6212672363995
2011-02-18,1703.7761652019317,478.8240764192572,2913.70685410418
2011-02-19,1623.9973967474411,305.08193948163876,2838.1158976613197
2011-02-20,1317.4328726603242,83.67512928414449,2513.799431298615
2011-02-21,1441.8120011771628,214.8120391625624,2774.653149358688
2011-02-22,1625.0699490280788,304.98168153518816,2806.2234530988167
2011-02-23,1679.1324461256327,513.9307236352336,2960.1842009946936
2011-02-24,1814.7391527123946,630.281231688927,3053.075343541246
2011-02-25,1855.674632181805,503.93497092341886,3135.8834626158687
2011-02-26,1779.3319279343082,539.9837247169743,3032.708501980441
2011-02-27,1478.0407117137108,262.9988398928759,2760.433998556373
2011-02-28,1609.8431303296486,313.4605734956936,2877.3860953104017
2011-03-01,1802.9040869388384,494.127090021573,3015.982971935481
2011-03-02,1869.284496164582,605.1180182244738,3090.5149774557945
2011-03-03,2019.7563509842648,665.5969501627555,3327.7056655872702
2011-03-04,2078.028925118725,820.8573605274648,3277.8215481032207
2011-03-05,2021.3112771191431,654.9114375963187,3242.400981667891
2011-03-06,1741.6430740064989,546.5745642159048,3074.0679807150873
2011-03-07,1896.6767930661485,616.9876167904702,3067.7637621778536
2011-03-08,2114.0978534098554,866.8373577358859,3337.828770723018
2011-03-09,2205.4109216552847,835.7120296040576,3505.0750480331603
2011-03-10,2380.7708336356172,1070.0366965603382,3611.7121567636545
2011-03-11,2463.2269710505993,1217.5767426580705,3724.700732421998
2011-03-12,2429.305700664512,1109.7331852731859,3585.5336278124287
2011-03-13,2170.3755501522664,977.2128970762691,3461.9475825702566
2011-03-14,2343.4111684626964,1019.9183854912396,3515.0782133296057
2011-03-15,2575.4746668622784,1465.8674235142528,3874.3772642484805
2011-03-16,2677.5092013863327,1386.1041331602357,3928.659297966687
2011-03-17,2859.1889511390295,1672.630978193196,4055.6041746668116
2011-03-18,2943.180457282078,1684.84810350196,4124.201952107681
2011-03-19,2905.739388793432,1677.7646755824655,4185.012826724084
2011-03-20,2638.0736734955813,1434.2132382088787,3911.1586788990357
2011-03-21,2797.1550275001678,1573.6348152785586,4143.891674872013
2011-03-22,3010.1644943320102,1831.7082114561615,4171.942512947401
2011-03-23,3088.2994116825566,1822.382789442042,4348.395182021569
2011-03-24,3241.619560497162,2037.760771421769,4482.008632887705
2011-03-25,3293.3008084089543,2046.9438619223229,4425.746185686824
2011-03-26,3220.2205047969746,1967.7296915020027,4504.094582713978
2011-03-27,2914.30586724451,1641.1624031454498,4072.070390560749
2011-03-28,3033.327795080215,1747.0116187088136,4393.106766466959
2011-03-29,3205.326213269885,2024.9229185905524,4495.436349132765
2011-03-30,3242.394931618766,2037.4641125642759,4463.09653415014
2011-03-31,3355.5043992895858,2104.8808483832286,4593.6984376080745
2011-04-01,3368.7313318851934,2138.710501668947,4564.439523608003
2011-04-02,3259.82015389604,2061.0773633934537,4603.7341397201735
2011-04-03,2921.508181984123,1686.7896200678042,4145.37088858624
2011-04-04,3012.2976504471526,1803.9724549762218,4207.882224924156
2011-04-05,3161.219222182838,1936.9238442449869,4352.547109495923
2011-04-06,3180.525968491179,1980.958924068014,4478.855982359755
2011-04-07,3281.5758308011873,2075.6808409178207,4628.8888784017045
2011-04-08,3288.6928065741736,2018.351395130916,4507.344545096687
2011-04-09,3179.721675655279,1822.208153947976,4429.457159824269
2011-04-10,2847.3504726800834,1555.5760386454072,4141.101058307567
2011-04-11,2949.88388575235,1694.9798834358928,4230.188385575477
2011-04-12,3115.6542722655668,1906.724854199366,4235.791081137851
2011-04-13,3156.798690321824,1911.3346822599383,4390.385450111163
2011-04-14,3284.080553254128,1999.9762360885406,4508.9426064356285
2011-04-15,3321.124919406208,2119.662782400674,4582.720324507757
2011-04-16,3244.9922015305533,2024.456194089273,4558.30944027569
2011-04-17,2947.5218742279976,1666.342117155754,4112.610408751011
2011-04-18,3086.1287555115377,1801.4037223365028,4372.316609466771
2011-04-19,3288.237903868236,2026.8271141892849,4512.588102287179
2011-04-20,3365.0858534810204,2129.063313334893,4523.451009297702
2011-04-21,3526.5661126249797,2325.2660100569915,4692.836521285222
2011-04-22,3595.4872681336033,2321.302465698805,4758.480481173699
2011-04-23,3548.1678435423546,2333.0696930897843,4821.600990551254
2011-04-24,3275.7989035120677,2048.784693926401,4571.226783839096
2011-04-25,3435.256462450051,2234.50727409482,4746.199502756898
2011-04-26,3653.549302976895,2399.9364425042386,4826.76761856175
2011-04-27,3741.629585846963,2470.851195356361,5065.8899934851825
2011-04-28,3909.2439393909735,2663.5151735765344,5165.631708677864
2011-04-29,3979.1932477977125,2722.492213771489,5187.709476680206
2011-04-30,3927.9252584367223,2702.858710511463,5216.9726735080485
2011-05-01,3646.891129999386,2394.2866837296906,4870.075967611778
2011-05-02,3793.3481604599924,2486.9634491256447,5105.907283304882
2011-05-03,3994.794627771933,2785.156001109403,5286.151363894536
2011-05-04,4062.764527894141,2903.690068584535,5310.394787279883
2011-05-05,4207.660384767885,2937.6245327522033,5489.201740142141
2011-05-06,4252.9929009893285,3042.1554267686943,5499.823433016441
2011-05-07,4175.952185434962,2874.1579687854796,5345.113619814736
2011-05-08,3868.7422835502266,2727.1629612773277,5103.961160970088
2011-05-09,3989.3619234819535,2736.574204243203,5292.488567804457
2011-05-10,4166.018035213236,2954.2513041473158,5443.518554098077
2011-05-11,4210.900443585148,3057.3422673377568,5509.486180394113
2011-05-12,4334.996480007046,3093.5514274837733,5606.314833409922
2011-05-13,4362.314792153828,3054.5046754489013,5583.706602982377
2011-05-14,4270.443524177408,3008.702980194454,5565.568084605242
2011-05-15,3951.8749428696583,2566.599790765483,5078.985532549437
2011-05-16,4064.7796764552395,2767.907898851185,5353.005457785454
2011-05-17,4237.417273742804,3057.5048982107787,5526.985631797083
2011-05-18,4281.911528505546,3029.0575308209923,5598.677405334963
2011-05-19,4409.0692509097535,3065.403002326029,5605.271733291363
2011-05-20,4442.611598068135,3195.071394434166,5579.950537750749
2011-05-21,4359.742870664937,3174.563474556795,5663.258302778333
2011-05-22,4052.4885045198453,2720.570222362405,5386.889818623435
2011-05-23,4178.484947359413,2956.012161262178,5255.255650250067
2011-05-24,4365.407716495036,3153.4423933300836,5632.059252832945
2011-05-25,4424.765449203063,3194.869039111807,5720.543168835452
2011-05-26,4566.738091228905,3277.156553356155,5816.558469395216
2011-05-27,4614.427732953572,3354.715116402071,5908.904976883547
2011-05-28,4544.4464096612555,3275.0168114529197,5727.5652152628045
2011-05-29,4248.272016894042,2866.5811617568606,5468.317424813347
2011-05-30,4383.0545430896345,3220.0978552310157,5634.629339468702
2011-05-31,4576.0583521707595,3303.0242665359247,5894.356008698366
2011-06-01,4638.468004730918,3313.8423044614387,5875.640664797339
2011-06-02,4780.235390964868,3583.2240553651827,5957.80271966103
2011-06-03,4824.336453350216,3577.5075796020733,6030.970695762444
2011-06-04,4747.36167109492,3488.626329091842,5891.100954907031
2011-06-05,4440.871412267407,3101.091904270774,5665.166529664715
2011-06-06,4562.198410628952,3339.155717158688,5846.863990255359
2011-06-07,4738.883252078597,3501.8281509773146,6062.447652505765
2011-06-08,4782.470603575649,3600.192242896747,6047.306062367167
2011-06-09,4903.344285674674,3627.3382882594797,6109.490464861031
2011-06-10,4924.969867673412,3694.1988466094963,6056.652660829585
2011-06-11,4824.46941854318,3615.6664806206227,6041.436906356871
2011-06-12,4493.960026142541,3265.6388781296523,5759.3401656893
2011-06-13,4591.338877825503,3223.055950973983,5866.194207605776
2011-06-14,4744.701336103712,3559.9346569837767,5987.580386019126
2011-06-15,4766.120286781428,3495.2002112957084,6045.447841546584
2011-06-16,4866.465383529709,3661.4263599718383,6083.097624373824
2011-06-17,4869.6313540254,3656.9690718076426,6189.59454322422
2011-06-18,4753.100434249879,3471.795821351204,6071.446030053871
2011-06-19,4409.270911677942,3247.8819569051366,5655.1025833690965
2011-06-20,4496.234862179246,3283.0891139519795,5695.559746168623
2011-06-21,4642.191720921881,3410.626337452308,5828.599941628145
2011-06-22,4659.226079982807,3379.435353509242,5872.899464826478
2011-06-23,4758.128358208472,3529.8339789773204,6002.829668730375
2011-06-24,4762.627434964801,3406.451865678794,5961.271339402609
2011-06-25,4649.960149744131,3410.3525575821213,5872.866622721665
2011-06-26,4312.209397535228,3046.9292985602124,5640.225383893046
2011-06-27,4407.093576275073,3212.430125072343,5762.150857731776
2011-06-28,4562.393631119274,3249.2575626813386,5793.747631074131
2011-06-29,4589.74563845875,3309.5377859995137,5809.68297987611
2011-06-30,4699.477085555938,3407.289946333158,5886.6035466628855
2011-07-01,4714.855423604746,3336.952404186135,6042.342601468909
2011-07-02,4612.67327448664,3415.6323497318886,5882.888027061937
2011-07-03,4284.6015081811165,2977.6525275760455,5594.402147061866
2011-07-04,4387.992459237964,3129.429115236809,5565.679406638553
2011-07-05,4550.319079605539,3319.8956845714342,5804.129639767941
2011-07-06,4582.97757803103,3276.3361800458933,5748.034433163129
2011-07-07,4696.131376285169,3385.5589397738445,5907.450740930553
2011-07-08,4712.964712070947,3473.8824634334824,5969.5648987394125
2011-07-09,4610.270105354523,3357.1933608195027,5883.498043065248
2011-07-10,4279.800834478145,3024.526162772445,5501.966292431315
2011-07-11,4379.070709668073,3114.5002360782973,5544.437989934754
2011-07-12,4535.787055154737,3380.577004091536,5809.520937668505
2011-07-13,4561.644651955856,3246.2594212324984,5959.511434322485
2011-07-14,4667.158756179393,3392.615201107141,5909.042729094597
2011-07-15,4675.905880769482,3339.1454654068207,5946.360665361005
2011-07-16,4565.096978881421,3319.531759961528,5772.597429162536
2011-07-17,4226.914643469972,2975.9301656927123,5444.174144907435
2011-07-18,4319.297116379441,3000.182930311801,5676.109085844892
2011-07-19,4470.355539799952,3259.408113004206,5734.640607533719
2011-07-20,4492.152726480214,3138.330145516271,5638.851885247499
2011-07-21,4595.522072716172,3384.031009062245,5833.328383681172
2011-07-22,4604.2957799166625,3386.538777216459,5798.613376313163
2011-07-23,4495.867454072156,3211.506322428057,5704.569528086248
2011-07-24,4162.521068137555,2930.0302375428396,5497.298321306998
2011-07-25,4262.209378144934,3098.9349559835737,5562.00920605606
2011-07-26,4422.968440610739,3260.4693824589085,5772.827131455184
2011-07-27,4456.696632086857,3202.0971779219926,5629.5191976475335
2011-07-28,4573.976824501141,3317.110132781084,5820.623044889506
2011-07-29,4598.310815210706,3349.5029642452077,5839.641288531869
2011-07-30,4506.690919054621,3176.5032812663376,5865.826111041932
2011-07-31,4190.9404676608565,2934.8153246650013,5469.647721974873
2011-08-01,4308.505904887102,2999.9068099182864,5554.571953175759
2011-08-02,4486.886846634612,3256.889747569072,5753.35479370573
2011-08-03,4537.431903238641,3290.2486448461814,5864.7408561853335
2011-08-04,4670.178464481247,3464.3581541815624,5819.866703126771
2011-08-05,4708.104982592656,3482.506854925135,5952.278713912024
2011-08-06,4627.720095498163,3331.3186985620637,5878.486202430955
2011-08-07,4320.41976042622,3063.471064031387,5591.302881486008
2011-08-08,4443.294610705743,3198.034117093369,5716.040036785254
2011-08-09,4623.573269193388,3315.7456708890772,5838.703894207268
2011-08-10,4672.429097179947,3333.949700424456,5934.7274442954285
2011-08-11,4799.828131329829,3628.731561775195,6116.5721017980195
2011-08-12,4828.786455802053,3615.5277699322883,6038.9137937461865
2011-08-13,4735.961141425194,3367.4651429528735,5945.5795427021085
2011-08-14,4413.005810072424,3127.843783264177,5649.052033804347
2011-08-15,4517.373028009528,3199.4548963543803,5669.061397320002
2011-08-16,4676.749356932271,3319.3653624953236,5978.4666838540525
2011-08-17,4702.850739358755,3453.4902235046557,6056.88210418614
2011-08-18,4806.256266412503,3548.4733966486892,6064.244875868841
2011-08-19,4810.64896022929,3655.785923035094,6009.485964852005
2011-08-20,4693.388166916405,3459.319890716746,5984.1373141410695
2011-08-21,4346.8451478760135,3112.8594131159157,5596.306300910999
2011-08-22,4429.18465319078,3183.6253133726595,5660.923163672057
2011-08-23,4568.781062198001,3265.555496223092,5751.812067563486
2011-08-24,4577.98667966927,3307.1410627921996,5757.495516198486
2011-08-25,4667.952292617023,3426.614974502253,5942.520749455317
2011-08-26,4662.847788732062,3432.37378713289,5894.260585113158
2011-08-27,4540.418709085311,3297.8867997211883,5859.459722803237
2011-08-28,4193.308681518299,2935.9523008841393,5470.760073452689
2011-08-29,4279.830946123532,3016.238083653064,5493.69556195661
2011-08-30,4428.375754574923,3115.7335731841067,5643.585497342739
2011-08-31,4451.182189088463,3185.561676761294,5656.460124599978
2011-09-01,4559.15320715527,3254.8942146810796,5845.046159539049
2011-09-02,4576.08316742169,3349.3306751994646,5733.676225196859
2011-09-03,4479.222900598764,3216.9352446749635,5719.300636516258
2011-09-04,4160.61421035744,2931.408208595663,5406.983904607802
2011-09-05,4277.8767034986595,2962.096693376182,5569.796645651924
2011-09-06,4458.633319931812,3188.598802134769,5697.94105597042
2011-09-07,4514.302609231624,3215.7700935057064,5684.174393673879
2011-09-08,4654.935987104274,3326.2711338014906,5918.4735266474445
2011-09-09,4703.468596876915,3424.553174146109,5929.0452361820435
2011-09-10,4636.30817039753,3412.359928071609,5947.634589874751
2011-09-11,4344.6930840556515,2988.065273560866,5497.296778750377
2011-09-12,4485.501820507328,3161.720045970246,5633.11175294399
2011-09-13,4685.69953891578,3434.1496845632064,5940.3988243511085
2011-09-14,4756.149173666573,3529.656666645379,6039.751575255523
2011-09-15,4906.464727956084,3603.010356485976,6099.824539956005
2011-09-16,4959.313398537785,3727.2149152627417,6194.725897870829
2011-09-17,4890.898023830609,3637.8758082895056,6075.985812080925
2011-09-18,4592.435767915279,3247.7351149310853,5756.442298308149
2011-09-19,4720.930063329242,3351.2176013110243,6021.703954849009
2011-09-20,4903.613962540363,3607.11286738536,6131.343681005512
2011-09-21,4951.753882722107,3689.761891050795,6120.786966442699
2011-09-22,5075.491598199661,3781.385162210458,6360.648540422099
2011-09-23,5098.0929216140285,3815.2570955243878,6315.871116158909
2011-09-24,4996.527486106799,3797.5902712343855,6307.288265391271
2011-09-25,4662.811045269999,3361.395043198621,5984.071285620473
2011-09-26,4754.792920694907,3474.391025295565,6099.319486782995
2011-09-27,4900.574906664078,3732.2385447135734,6149.751977207009
2011-09-28,4912.289829668177,3712.475335607975,6044.699172599475
2011-09-29,5000.918356334352,3727.018696945843,6308.86174647784
2011-09-30,4990.513235485242,3761.285541238787,6200.9633729229
2011-10-01,4858.75611479984,3659.2810302903104,6113.847659690467
2011-10-02,4498.279038816394,3247.210914124051,5717.554294544127
2011-10-03,4567.433889285243,3268.6300497476645,5832.412894573657
2011-10-04,4694.696630565711,3459.797867731223,5934.981956630498
2011-10-05,4692.435015999452,3403.3593141993338,5828.254175178276
2011-10-06,4771.7186977799865,3484.281040531986,6080.70147279338
2011-10-07,4756.5411545365405,3488.850907224852,6105.728184417865
2011-10-08,4624.37867735348,3401.748580373657,5894.4996653536
2011-10-09,4267.518515222913,3032.095715992948,5534.635781898262
2011-10-10,4343.839145274079,3081.443713976963,5574.664750743993
2011-10-11,4481.2294997923755,3320.823146297222,5679.526025467629
2011-10-12,4491.375129186161,3313.6242833981883,5715.308336575843
2011-10-13,4584.589850313375,3377.0130313966542,5877.605483820064
2011-10-14,4584.061648266297,3302.452935141577,5758.939515517568
2011-10-15,4466.437374352177,3187.9432818495998,5652.184667815018
2011-10-16,4123.177558749452,2874.9764720706685,5370.1110543670275
2011-10-17,4211.363641607797,2922.896468036615,5519.984877494905
2011-10-18,4358.143385769115,3134.803754274416,5559.188991753294
2011-10-19,4374.541916368442,3177.0659868030543,5681.769273969744
2011-10-20,4470.316042653345,3213.7939245135185,5718.241815448942
2011-10-21,4468.2199497281545,3211.190614928751,5774.6442489845
2011-10-22,4344.606173830172,3026.303625926277,5658.541015591661
2011-10-23,3990.792647168053,2759.3098862733464,5186.6075512067955
2011-10-24,4063.8776968956026,2828.762668359947,5265.8345432413835
2011-10-25,4191.18846882265,3035.801306510438,5488.825624231115
2011-10-26,4184.090065047715,2981.8115149474297,5492.686229584004
2011-10-27,4252.833037184182,3032.3974666774893,5569.382530070902
2011-10-28,4220.807453542406,3010.768684336834,5552.296663664708
2011-10-29,4065.1277265319864,2794.9803195329846,5362.244976991806
2011-10-30,3677.9793945749775,2474.4688164942368,5000.274169112605
2011-10-31,3717.4102765289313,2499.9683540663655,5031.892369766968
2011-11-01,3811.7521141218126,2630.7309577553106,5049.176859667297
2011-11-02,3773.4007277241076,2577.973115405648,5009.592536111708
2011-11-03,3813.6331425097633,2592.937844870763,5105.936897414019
2011-11-04,3756.8307615712333,2508.3004293309727,5074.960994332171
2011-11-05,3581.033662837941,2359.0166241781753,4754.439920757281
2011-11-06,3179.2581035367057,2007.8753022363162,4433.923941525996
2011-11-07,3210.260515776244,2031.640899199389,4610.773247520354
2011-11-08,3302.934924665227,2115.8209297480694,4596.622986141895
2011-11-09,3270.072559451858,2018.869133007801,4542.527118003707
2011-11-10,3323.162758895345,2180.872260941678,4640.353083384936
2011-11-11,3286.6047850015466,1986.0057670763758,4621.949559998343
2011-11-12,3138.2560227575023,1849.7646352791608,4469.6192782781445
2011-11-13,2770.748909144477,1502.8797118943692,3954.2419102280946
2011-11-14,2842.259981750999,1490.1862520822826,4185.36472248254
2011-11-15,2980.9179281611932,1832.4297750861258,4286.909062787726
2011-11-16,2998.5791992573354,1769.9885307129935,4298.841430954539
2011-11-17,3105.6499274633825,1890.1421744398267,4427.083660780219
2011-11-18,3125.323259654293,1863.968300052126,4376.823735901448
2011-11-19,3034.1569465086222,1810.0832085573766,4271.835465423973
2011-11-20,2723.422780788988,1378.6809643315278,3995.232553222349
2011-11-21,2849.9104290454516,1563.1641498390738,4062.393242995023
2011-11-22,3040.3716197459144,1803.825623755601,4265.211742350307
2011-11-23,3105.332285327153,1820.0137614302514,4387.987488696501
2011-11-24,3253.950410667604,1973.9842307489819,4567.934753892738
2011-11-25,3308.2877258697154,2070.419867648562,4623.908923913256
2011-11-26,3243.91911981922,1950.570378252032,4589.687986453591
2011-11-27,2951.310496750707,1734.7773320190952,4208.386446359183
2011-11-28,3086.6468078538182,1867.519344546681,4236.842416388691
2011-11-29,3276.2955262234022,2007.8883354867519,4586.945858247424
2011-11-30,3330.632593091233,2084.55542232044,4624.82487623219
2011-12-01,3458.9081634475924,2184.7821823766276,4718.297711506268
2011-12-02,3483.5200097734114,2194.7642332576474,4726.992142520663
2011-12-03,3380.6183720125728,2153.1598438995147,4674.783293794666
2011-12-04,3041.473020175108,1685.915361132111,4178.272907485233
2011-12-05,3123.2844995629575,1818.8912191506965,4279.160051861229
2011-12-06,3253.6252160197637,1878.0851607909594,4516.157484738743
2011-12-07,3244.23793188034,1969.5323785525304,4499.866641379152
2011-12-08,3305.869681296965,2028.657708614734,4527.32188844085
2011-12-09,3262.509764099046,1946.1840217437582,4527.217444154769
2011-12-10,3091.956505451819,1911.6518910959494,4367.828181406697
2011-12-11,2687.144521474639,1485.4406442244956,3989.9374929991495
2011-12-12,2706.915483206977,1371.554862657646,3921.619246586307
2011-12-13,2780.419079828803,1514.125345781466,4043.1499481529504
2011-12-14,2720.8727884443606,1601.554314197558,3989.985953175312
2011-12-15,2740.3594608719195,1458.100657375949,3974.9416949664937
2011-12-16,2664.0323266301875,1393.3800031337094,3968.7655506172114
2011-12-17,2470.6529523216686,1299.5732676447672,3682.2302768052095
2011-12-18,2053.8946403462664,707.0898031955345,3206.769802276475
2011-12-19,2073.094873526712,743.4639880518605,3322.42784308919
2011-12-20,2157.643971295381,913.6480224231174,3416.4076087606663
2011-12-21,2120.7388752926,887.2374493337726,3419.0670471049934
2011-12-22,2174.18121556877,883.0115775686347,3438.9151449334063
2011-12-23,2142.5892286718613,892.2681880909241,3406.2678000942697
2011-12-24,2003.9488708915624,919.3996502466182,3134.880042400532
2011-12-25,1650.9362499353424,399.2493502809579,2939.6274020378173
2011-12-26,1741.6944678607333,536.168882211915,3023.4528530337407
2011-12-27,1904.2513920618794,616.4601411378378,3237.5926637277284
2011-12-28,1950.306498556587,698.2843388675542,3292.090871010269
2011-12-29,2090.065069454939,845.2105352346335,3368.283599005106
2011-12-30,2146.488370050231,928.4202246411642,3320.9409737517226
2011-12-31,2095.8841539110535,841.2927845190818,3354.0571121962844
2012-01-01,1829.2686020356373,592.2520890214932,3048.748494825651
2012-01-02,2003.1817769567392,819.380172221408,3366.1785938581997
2012-01-03,2244.1421290411413,967.1114194399275,3431.8842882670174
2012-01-04,2362.4672783218425,1101.4313946875488,3514.3579517778658
2012-01-05,2567.138515736161,1307.4903502724908,3805.411255650285
2012-01-06,2680.076916137369,1341.8421160751,3807.675113974624
2012-01-07,2676.7548021172042,1443.1249249901973,3943.756658467213
2012-01-08,2447.5731945259427,1241.9775090740818,3765.6822253833548
2012-01-09,2648.6870108784897,1390.4235303718535,3893.710876658374
2012-01-10,2906.4633870643183,1578.7382992676828,4146.021305332917
2012-01-11,3031.300343218596,1676.3770726881487,4189.937296184404
2012-01-12,3232.4833964601303,1992.499507196161,4470.585155532575
2012-01-13,3332.4483207816484,2110.661258057607,4575.414498561254
2012-01-14,3307.374246032051,2088.129440654808,4672.239541656351
2012-01-15,3048.538311873975,1785.0131355340425,4376.770413328066
2012-01-16,3213.1143287634513,1930.4224144487396,4430.678917352475
2012-01-17,3428.6016022307244,2121.6889771270203,4707.410927308152
2012-01-18,3506.6119906479817,2221.3918900070776,4742.335284552323
2012-01-19,3657.6936889367703,2458.5862722013057,4958.625983606741
2012-01-20,3705.5608494052885,2496.724320556937,4953.174743390688
2012-01-21,3627.6541320451342,2358.206088010979,4877.422342798452
2012-01-22,3316.464268681306,2096.855935852427,4499.66235707158
2012-01-23,3430.301904596031,2247.8814090618243,4696.319248027142
2012-01-24,3597.7006067141983,2407.839282480142,4969.209043347209
2012-01-25,3631.181743213212,2446.8755656889693,4846.09714242947
2012-01-26,3742.0602470193016,2444.8173425170653,5141.401104431273
2012-01-27,3754.660766823617,2508.6456568063113,4983.412781616694
2012-01-28,3646.869553590017,2393.126805768339,4877.158698446922
2012-01-29,3311.4542806914887,2092.8228347338186,4549.872638313094
2012-01-30,3406.835032083167,2199.6418282751974,4633.305223182044
2012-01-31,3561.4931785709564,2330.3686439746475,4763.189521377141
2012-02-01,3587.746545282403,2371.5022713625954,4779.740153263315
2012-02-02,3696.569459233231,2487.3613691813025,4920.899944052114
2012-02-03,3711.8266490362066,2452.617077885335,4996.858654025095
2012-02-04,3610.8457236833983,2366.3115393439502,4841.713641691886
2012-02-05,3285.759735380904,2076.548908940464,4534.734327018931
2012-02-06,3394.3023192868654,2182.6616230742948,4596.220832121563
2012-02-07,3564.241361521056,2380.4053564440887,4748.872032518533
2012-02-08,3607.1788263223752,2454.2482334469887,4889.313012071733
2012-02-09,3733.394578275926,2552.7653984078056,5016.934947510863
2012-02-10,3766.1024605891444,2492.342215701365,5048.838399016795
2012-02-11,3682.042706372432,2471.63019125151,4896.197667236805
2012-02-12,3372.8416199107664,2170.281619778646,4561.087335750974
2012-02-13,3495.8205484003583,2148.790594350298,4756.577130462473
2012-02-14,3678.4397330720612,2456.958869407624,4952.722753660095
2012-02-15,3732.1044270015295,2526.2881025400125,4998.918540660757
2012-02-16,3867.010996858597,2658.901673179316,5200.085084667101
2012-02-17,3906.40127768875,2520.304697352254,5087.852211023276
2012-02-18,3827.14939091869,2569.5893315820767,5181.723076098907
2012-02-19,3521.11221531181,2277.676526368208,4806.128928037371
2012-02-20,3645.925894558182,2399.489598893546,4800.111152036795
2012-02-21,3829.4344317244604,2535.226175851151,5090.809050309544
2012-02-22,3883.4783021589583,2686.550283925681,5047.202941111545
2012-02-23,4018.7214117208796,2761.6981680346653,5296.728589891338
2012-02-24,4058.885325076122,2813.9840294565033,5323.352108093523
2012-02-25,3981.315655213763,2710.9721738662174,5272.886332458437
2012-02-26,3678.3124881237304,2406.3564814947754,4887.6669078882005
2012-02-27,3807.907898494135,2486.6885065035717,5095.177250421211
2012-02-28,3998.2772283601516,2737.0115182696695,5258.504875588998
2012-02-29,4061.512642038429,2881.00034848134,5378.5840382144825
2012-03-01,4208.437778732693,2868.8341721268966,5437.996092888224
2012-03-02,4262.832837708325,3057.378182707339,5552.406712224266
2012-03-03,4201.995294669136,2905.5243184471865,5408.635129698451
2012-03-04,3918.0683207446164,2696.373851282304,5197.228561657685
2012-03-05,4068.820035694151,2822.029559876272,5364.10362349469
2012-03-06,4282.060237079468,3007.173849117431,5587.720856767969
2012-03-07,4369.4229542918965,3155.838033686708,5666.425102898041
2012-03-08,4541.193385023344,3396.089306147603,5805.646992182697
2012-03-09,4620.548176405618,3419.6190816217572,5855.505058390937
2012-03-10,4584.133785566888,3265.2518906465034,5771.372432111647
2012-03-11,4323.414449286873,3048.91319990869,5607.468646785703
2012-03-12,4495.472291565443,3223.7767182886905,5764.983859750351
2012-03-13,4727.445565400253,3460.478308239289,5979.973073000661
2012-03-14,4830.332709352667,3590.160315739205,6055.587427449613
2012-03-15,5013.840105698915,3748.6534860384213,6281.302366265902
2012-03-16,5100.641849567431,3807.8934922746853,6478.291746405104
2012-03-17,5066.975648844577,3603.991668241829,6326.632025089879
2012-03-18,4804.005826128627,3530.9599132034214,6013.458329171266
2012-03-19,4968.635466693033,3897.8129110738755,6243.637733147051
2012-03-20,5187.586088402195,3985.69634019215,6485.570577014142
2012-03-21,5272.308337216392,4000.1878274643127,6593.104524043025
2012-03-22,5432.729170112376,4222.440174581437,6660.987615064565
2012-03-23,5491.876001837339,4229.052992389357,6728.768825753203
2012-03-24,5426.4658623606665,4268.351560995155,6676.521025756648
2012-03-25,5128.25792284982,3856.5332938691336,6350.39039538731
2012-03-26,5254.8517085638105,4075.6505610114946,6476.35539532121
2012-03-27,5434.11697667857,4216.3860345149105,6669.247159480962
2012-03-28,5477.983114388044,4268.004214524963,6759.4411713160725
2012-03-29,5597.266307210079,4335.486684884504,6862.705604966936
2012-03-30,5615.903327957142,4274.729262987226,6838.989739150276
2012-03-31,5511.516769466847,4278.6492546244945,6751.9301885361065
2012-04-01,5176.743537405893,3912.6201675074954,6509.963159968036
2012-04-02,5270.009609099929,4095.196805178097,6564.275781024015
2012-04-03,5419.937708942488,4238.687871194883,6700.914991329911
2012-04-04,5439.116393490513,4284.5233860281505,6618.885546003238
2012-04-05,5538.90938044002,4290.664846818431,6797.135510858018
2012-04-06,5543.67448560395,4292.841937962628,6763.975993677765
2012-04-07,5431.317418972139,4141.138926920756,6685.4546335918685
2012-04-08,5094.612586037258,3865.3710823641236,6379.756401924615
2012-04-09,5191.974122485324,3861.0028728500233,6500.797640351453
2012-04-10,5351.86392081688,4078.977157643833,6624.704044852176
2012-04-11,5386.565132861723,4048.8701273424495,6496.032239310481
2012-04-12,5506.508538761208,4188.288929514431,6753.742497874499
2012-04-13,5535.977496316732,4261.157260130646,6679.316497965765
2012-04-14,5452.203199907671,4236.888103276099,6771.17878354394
2012-04-15,5147.195132211876,3936.332155957706,6400.1868927857695
2012-04-16,5278.53282540003,4041.389007289636,6515.320459674647
2012-04-17,5473.79641810966,4228.0586272309465,6711.490151487772
2012-04-18,5544.363852282232,4268.700394644842,6826.294381314492
2012-04-19,5700.25274708476,4490.308126378388,6987.688499624252
2012-04-20,5764.375392542596,4404.027589250934,7152.294000536916
2012-04-21,5713.131094901399,4556.96408814197,6964.578235603891
2012-04-22,5437.766933066712,4151.365299901415,6638.756688276602
2012-04-23,5595.189031208055,4357.3381276511445,6793.512960260636
2012-04-24,5812.409979578264,4626.498624794003,7089.226492366814
2012-04-25,5900.359790018093,4650.988055574098,6982.252438493317
2012-04-26,6068.738057669934,4861.142377453651,7348.3925345971
2012-04-27,6140.275507818335,4864.380121332141,7423.617509681558
2012-04-28,6091.32900538261,4811.445718107247,7257.47296185063
2012-04-29,5813.241044949334,4521.4685454307955,7069.156998010609
2012-04-30,5963.145898641989,4610.5608233529265,7270.995555605398
2012-05-01,6168.4082369167445,4926.004206916849,7412.144634069798
2012-05-02,6240.4218966853605,5093.555760851574,7558.95826322672
2012-05-03,6389.446851972877,5215.9021247593755,7609.12683581556
2012-05-04,6438.853033694347,5192.966276970093,7695.099622500383
2012-05-05,6365.69561347162,5227.912215550981,7639.170120924508
2012-05-06,6062.053341599305,4778.073555892298,7321.180992335163
2012-05-07,6185.81283666874,4931.073946622366,7482.776368624455
2012-05-08,6365.085098995043,5118.460464532821,7595.13280761762
2012-05-09,6411.9827512783495,5161.218103273081,7713.362883051857
2012-05-10,6537.436589677027,5353.743479165658,7856.916049935515
2012-05-11,6565.4206931753015,5273.159467889444,7815.484099326638
2012-05-12,6473.511233070524,5226.3539123226865,7847.190524696542
2012-05-13,6154.211047470109,4896.6723980036695,7301.336129093721
2012-05-14,6265.723157237174,4994.400203661274,7479.138633645416
2012-05-15,6436.359960728322,5212.8051089754235,7754.529794404179
2012-05-16,6478.316600620278,5143.453504185772,7815.964910075503
2012-05-17,6602.487250257538,5453.785081859149,7826.388982047378
2012-05-18,6632.693512331782,5323.312630663223,7892.180622393714
2012-05-19,6546.249930121378,5257.413436942388,7780.302716112378
2012-05-20,6235.298434488792,5015.6292856146865,7563.290733702927
2012-05-21,6357.59456932638,5120.575745387301,7594.5155284679895
2012-05-22,6540.931817735378,5272.847563300436,7735.733565939258
2012-05-23,6596.93203900246,5341.113792881014,7886.99272694569
2012-05-24,6735.88022743122,5472.109443174757,7933.884046696205
2012-05-25,6780.972212899875,5550.714103850934,8008.109176664478
2012-05-26,6708.8997113793375,5434.751019823801,7891.17662385908
2012-05-27,6411.203955564671,5313.037363867248,7654.015251121117
2012-05-28,6545.080172080089,5283.175465983733,7741.733942248389
2012-05-29,6737.8186742283815,5439.021131923127,7960.966896152268
2012-05-30,6800.610144268359,5564.142447250719,8002.5739914643245
2012-05-31,6943.392777216357,5619.980819558648,8119.973986043797
2012-06-01,6989.109667584874,5699.141440815685,8214.775950864509
2012-06-02,6914.300528254534,5629.611199812243,8198.854799635159
2012-06-03,6610.458814010693,5359.0107867559655,7835.946223843566
2012-06-04,6734.8364461177825,5421.2243630136745,7994.282366804289
2012-06-05,6914.881948044074,5641.940148823206,8164.929126308426
2012-06-06,6962.039638731421,5774.219860284134,8185.483882094312
2012-06-07,7086.587889050217,5886.396398703427,8385.405221207537
2012-06-08,7111.88501904935,5758.180571099242,8386.268710356195
2012-06-09,7014.947364961231,5775.402727818517,8197.444637794173
2012-06-10,6687.791024733219,5404.236663935388,7876.523709505843
2012-06-11,6788.219975144122,5581.643142523915,8023.676873031371
2012-06-12,6944.246900893734,5600.0185987796785,8250.128232045647
2012-06-13,6967.874929247732,5708.795010621205,8267.354655549083
2012-06-14,7069.918822987592,5848.334773664072,8270.514742898431
2012-06-15,7074.234739272524,5787.126634901965,8206.103281925814
2012-06-16,6958.283579967829,5799.076905005366,8341.011683581097
2012-06-17,6614.459890163103,5382.902068455272,7935.762009808125
2012-06-18,6700.869383610008,5413.852565519983,7964.529261857312
2012-06-19,6845.74174721059,5524.9103801562105,8104.461118954516
2012-06-20,6861.207146676878,5658.131755163284,8122.199114650477
2012-06-21,6958.115122029973,5795.599056223917,8272.764098317262
2012-06-22,6960.265039159965,5569.645683390835,8141.013202778671
2012-06-23,6844.973045909721,5497.798583059883,8030.67201322814
2012-06-24,6504.407374500766,5247.334822176007,7778.883518812437
2012-06-25,6596.374825359885,5305.784238936431,7934.30464659996
2012-06-26,6748.744777229474,5478.6413696825775,8072.644368140577
2012-06-27,6773.238765781232,5569.647350374026,7982.6752093941
2012-06-28,6880.263884601065,5650.684519574721,8125.528429527989
2012-06-29,6893.158679971671,5650.4514479435775,8067.381222608095
2012-06-30,6788.7760059873135,5570.141231668881,7958.387979266093
2012-07-01,6458.834133139939,5218.754259696203,7676.593705448753
2012-07-02,6560.718442458241,5297.157262904536,7801.409179137717
2012-07-03,6721.919551672063,5511.831653764977,8046.641503657991
2012-07-04,6753.835456686329,5504.382868935346,8022.838531526636
2012-07-05,6866.615534581696,5611.4595783271425,8216.33800049619
2012-07-06,6883.4147361287005,5587.232299383756,8161.482209577963
2012-07-07,6780.9821660215675,5501.703549894559,8082.747488721221
2012-07-08,6451.0151592838765,5099.159324954353,7648.88708390614
2012-07-09,6550.9610907917895,5343.903691643556,7871.087836283371
2012-07-10,6708.452761856948,5505.273542031179,7962.6782160153925
2012-07-11,6735.105037407622,5389.100131726811,7961.347302552977
2012-07-12,6841.350760270948,5611.675209332669,7973.20835550193
2012-07-13,6850.684535202323,5616.753601716461,8116.520600469782
2012-07-14,6740.238921672895,5485.373773209612,7991.261543395171
2012-07-15,6402.0121479918325,5196.965428132658,7603.257589147655
2012-07-16,6493.992053046153,5265.555187745583,7721.083332433634
2012-07-17,6644.238575590516,5343.158678613779,7945.888018651321
2012-07-18,6664.77700503352,5423.0230301255315,7934.514747028387
2012-07-19,6766.418535016092,5423.149838454856,8033.102375524517
2012-07-20,6772.989629020534,5543.475486908498,8014.583161406716
2012-07-21,6661.895224197282,5366.853080836178,7964.667845083937
2012-07-22,6325.4477322899575,5079.202052782981,7535.28480332141
2012-07-23,6421.644920259458,5209.404348070552,7620.135409473267
2012-07-24,6578.583328338909,5354.924706774102,7831.677543872689
2012-07-25,6608.23565463867,5336.705968682004,7867.350878869173
2012-07-26,6721.270805682421,5394.791474732892,7980.945003459909
2012-07-27,6741.285773617762,5553.395432718307,8050.778816366848
2012-07-28,6645.374323518512,5399.071512309054,7911.978344614375
2012-07-29,6325.464311133005,5026.017501629847,7568.006401163073
2012-07-30,6439.106482952156,5043.290874136788,7694.893316780453
2012-07-31,6613.901099944571,5359.433943047688,7896.648392700392
2012-08-01,6661.290421215645,5396.096726979962,7979.5592327139275
2012-08-02,6791.395289348738,5535.351907377793,7993.899495756668
2012-08-03,6827.264469509049,5610.2623181183835,8054.073912894477
2012-08-04,6745.461181582975,5501.749251248784,7870.304105883831
2012-08-05,6437.418082659882,5138.241953977834,7708.250780111627
2012-08-06,6560.242987315024,5284.07960573413,7775.2020304178695
2012-08-07,6740.466953448905,5454.119998780796,7960.954189000314
2012-08-08,6789.933081594112,5562.264139820667,8005.667864896991
2012-08-09,6918.562151364076,5640.584598617139,8226.794578502162
2012-08-10,6949.304999754811,5767.1210160029505,8305.552877098264
2012-08-11,6858.734931524908,5534.363836043111,8169.282027884277
2012-08-12,6538.405350350322,5262.785530266351,7732.545374154207
2012-08-13,6645.654761079293,5300.851329679587,7794.650094150665
2012-08-14,6808.044901112574,5596.475560720493,8072.257280655877
2012-08-15,6837.159591561553,5613.895802631256,8061.0868055233095
2012-08-16,6943.442257359115,5726.543264831667,8211.56129418573
2012-08-17,6950.440639751426,5731.068003730536,8192.425206727168
2012-08-18,6835.383181474265,5580.58451618394,7896.655714752109
2012-08-19,6490.518553476494,5174.818763620079,7644.615736173876
2012-08-20,6573.900988148005,5270.925953643161,7847.031754994122
2012-08-21,6713.807745975579,5473.895514991891,7973.452905834934
2012-08-22,6722.5169127871195,5482.583515770562,8049.011316888967
2012-08-23,6811.1241028872255,5447.941323670951,8139.161541703577
2012-08-24,6803.767218501956,5582.545234103705,8078.453731318478
2012-08-25,6678.184354789861,5459.20370361805,7906.033510498015
2012-08-26,6327.036891575159,5066.971989599337,7547.906677656897
2012-08-27,6408.680954823969,5170.149134289348,7634.386185394012
2012-08-28,6551.574022375252,5291.069679814759,7792.911690912679
2012-08-29,6568.045234115479,5335.897075918597,7816.325924737755
2012-08-30,6669.108248489854,5388.203718484934,7859.322825573642
2012-08-31,6678.685957035385,5429.674663917555,7973.471054020524
2012-09-01,6574.17219615823,5500.744574616943,7855.347423244019
2012-09-02,6247.762433436056,5068.217691428334,7465.983259564433
2012-09-03,6357.2364344546995,5134.332053639879,7612.051511070703
2012-09-04,6530.37939878416,5194.706555060768,7774.278223482376
2012-09-05,6578.769737884536,5256.467622558808,7892.246214979578
2012-09-06,6712.611858561451,5446.292761706904,8014.617851218281
2012-09-07,6754.9827078320495,5436.654625766396,7945.924837434833
2012-09-08,6682.416600906756,5526.341085097908,7897.7559810405155
2012-09-09,6386.25964807369,5159.757750206675,7586.076140730862
2012-09-10,6523.476100311157,5247.132930406988,7764.88672282663
2012-09-11,6721.092411480861,5451.268168475955,7841.482055994674
2012-09-12,6790.006515012183,5493.777466493305,8015.902899218529
2012-09-13,6939.840039839281,5762.296526115049,8171.676251441427
2012-09-14,6993.201637860076,5678.563111055449,8190.522025460021
2012-09-15,6926.285434035899,5640.712522611716,8188.21527644851
2012-09-16,6630.235493095956,5449.5956694700935,7954.656577966246
2012-09-17,6761.958302832101,5584.676644885243,7997.320817872059
2012-09-18,6948.568864277549,5707.831002532867,8215.721107320716
2012-09-19,7001.197798493244,5789.695044049632,8221.393680293986
2012-09-20,7129.837229466704,5880.326726827446,8366.924669435748
2012-09-21,7157.593773056987,5952.499144232505,8385.188773963717
2012-09-22,7061.272919998658,5808.635693581875,8262.749195630868
2012-09-23,6732.726095844853,5502.6205006775845,7998.425072305202
2012-09-24,6829.642888146089,5490.5306219824615,8045.035479535284
2012-09-25,6979.974609199225,5784.471512500481,8227.057624551995
2012-09-26,6995.717253461544,5685.082903001059,8290.577750591441
2012-09-27,7087.732311201684,5808.645780091957,8346.26444181443
2012-09-28,7079.974502765304,5865.344244110604,8325.164232277075
2012-09-29,6950.051466839783,5739.296176016835,8272.51531229889
2012-09-30,6590.547419932736,5304.101720980491,7803.116350604774
2012-10-01,6659.79397890113,5450.749003325306,7914.852345797243
2012-10-02,6786.274962600785,5598.293217228457,8176.118277597807
2012-10-03,6782.393806094284,5547.112725831716,7991.545184108003
2012-10-04,6859.282532422443,5638.04067512754,8180.940809454786
2012-10-05,6841.021723755568,5548.383159017576,8111.148035925064
2012-10-06,6705.196784776246,5403.385363367785,7879.20390462726
2012-10-07,6344.222648363381,5126.910733658468,7651.3709647780925
2012-10-08,6416.120116633678,5196.019413564808,7693.0356495382875
2012-10-09,6548.930521913105,5288.44146030225,7796.463744417967
2012-10-10,6554.497079529066,5277.426994506218,7787.873874607757
2012-10-11,6643.291492519219,5459.687530891189,7964.1218981054135
2012-10-12,6638.654751988709,5377.573823755012,7895.30876750881
2012-10-13,6517.376828468399,5358.0639291023845,7744.607788536528
2012-10-14,6171.046724099822,4973.588841030129,7529.490591881236
2012-10-15,6256.8553350431985,4956.311323646359,7439.436580945412
2012-10-16,6402.037022871901,5201.949977683358,7597.541458460897
2012-10-17,6417.677461687834,5137.322327545742,7714.607269646029
2012-10-18,6513.565519951322,5162.166014450647,7832.42681912322
2012-10-19,6512.457347376161,5294.20411697449,7766.3074694732495
2012-10-20,6390.676639483248,5209.419859256422,7660.07924375009
2012-10-21,6039.481899247402,4845.961162051973,7302.487459526711
2012-10-22,6115.882586945019,4905.212293021868,7358.471238169719
2012-10-23,6247.089608068164,5041.824026055289,7524.541576290952
2012-10-24,6244.327380752194,5009.116885223418,7489.660175339809
2012-10-25,6317.685050779748,5001.544366619194,7524.707386370878
2012-10-26,6290.374974923983,5023.889750497912,7597.25702291652
2012-10-27,6139.322539836712,4934.632884120691,7332.686208260298
2012-10-28,5756.51837352788,4528.13556596865,6945.186613739742
2012-10-29,5799.815215710406,4578.9369015676275,7026.392475897674
2012-10-30,5897.355400221739,4696.038103434269,7184.185544752254
2012-10-31,5861.35680918299,4606.389616694871,7115.420501453462
2012-11-01,5902.935583507901,4703.4413997387055,7134.692026848298
2012-11-02,5846.334505633481,4615.975097609043,7085.845494165759
2012-11-03,5669.481973398087,4487.366217756913,6941.961198091024
2012-11-04,5265.313506422045,4010.674823314312,6544.750947193781
2012-11-05,5292.538943218472,4023.0705500314634,6589.633706727678
2012-11-06,5380.042156244782,4187.391413431724,6561.574352669487
2012-11-07,5340.6419754958915,4145.429981410335,6588.20450812094
2012-11-08,5385.893368833791,4160.861599540912,6645.406755922374
2012-11-09,5340.298468762227,4124.260683056283,6609.582669017905
2012-11-10,5181.852928451396,4008.7634420118807,6422.929962089396
2012-11-11,4803.3599852047355,3482.570229498764,6003.425585924109
2012-11-12,4863.195685612565,3607.8821929713226,6080.091928332208
2012-11-13,4989.712245056912,3708.970160364541,6247.4486082392505
2012-11-14,4995.008221351873,3820.9946987902404,6247.317890895957
2012-11-15,5089.744382429728,3972.2461369304883,6338.782498583034
2012-11-16,5097.374535147007,3780.851793127253,6234.787384872062
2012-11-17,4994.716328642863,3666.253068028722,6288.831422228279
2012-11-18,4673.293806024581,3401.531913663363,5951.363455274261
2012-11-19,4790.134434827496,3581.2408301450887,5988.2420252894235
2012-11-20,4972.206764819147,3764.573168639737,6262.695689343907
2012-11-21,5030.226490586604,3796.791158504487,6355.384343396595
2012-11-22,5173.508842609587,3933.217108496583,6401.415986928507
2012-11-23,5224.235589903845,4072.641552011859,6521.600947856682
2012-11-24,5158.060682879001,3973.776218561183,6430.719651104532
2012-11-25,4865.48535182511,3560.817282792948,6097.464504687473
2012-11-26,5002.684486179049,3763.357634495534,6245.128901549101
2012-11-27,5195.969616226775,3901.3606693890283,6433.287097471098
2012-11-28,5255.6155494409895,4026.77669719487,6439.901645301519
2012-11-29,5390.727982194758,4254.884774478299,6655.985673053722
2012-11-30,5423.519906587593,4114.314005826694,6666.647921316272
2012-12-01,5329.920530810876,4173.079924342442,6566.63261312829
2012-12-02,5000.947380796513,3687.121488848928,6392.236572710611
2012-12-03,5093.523428118,3770.331944284465,6374.652891289175
2012-12-04,5234.924753393809,4026.184575624818,6381.503636630043
2012-12-05,5236.586148597927,3959.020355416176,6530.622576909882
2012-12-06,5308.942484943956,4110.450390864332,6605.912555171945
2012-12-07,5275.674313712945,3945.180617870141,6419.358587621001
2012-12-08,5114.282190816775,3831.1730426889594,6388.831742397194
2012-12-09,4717.421269434662,3502.536009323006,5946.512715654105
2012-12-10,4743.678963186894,3469.5420345722096,5934.265114622284
2012-12-11,4821.9822018613,3535.1947010662257,6111.5786487293335
2012-12-12,4765.362723959088,3422.83005033527,5924.1547566868285
2012-12-13,4785.759273693904,3517.5335669877672,5980.638476777475
2012-12-14,4708.226182892351,3436.120094334586,5887.596939788608
2012-12-15,4511.4737864892495,3192.879513172113,5663.611970328988
2012-12-16,4089.1730929261107,2801.499630676842,5358.261705385749
2012-12-17,4100.708284375523,2889.0031814017184,5309.671611281941
2012-12-18,4175.5642160803145,2961.708480043607,5414.279882964932
2012-12-19,4127.07786383649,2801.918564993926,5418.483646698602
2012-12-20,4167.23293619938,2944.050999781157,5382.228756355822
2012-12-21,4120.867315827889,2870.2098200091677,5356.712754785249
2012-12-22,3966.218793088129,2723.6167894734112,5242.712988909051
2012-12-23,3596.2413581366095,2373.522011294578,4889.796295534336
2012-12-24,3669.375306480746,2348.7832494300856,5026.799112351883
2012-12-25,3813.957851633819,2637.544848958094,5099.659817606904
2012-12-26,3842.0025759061896,2555.3781415379353,5092.358671870553
2012-12-27,3964.026192703324,2693.781715220785,5137.3368764214865
2012-12-28,4003.2914369381447,2765.2014643845705,5292.303225052399
2012-12-29,3936.390617507738,2795.8108456808163,5273.316511937726
2012-12-30,3654.6011129736535,2401.2030549487827,5012.854949663375
2012-12-31,3814.6950512390154,2577.9327293896827,4997.20013762438
2013-01-01,4043.388851003672,2825.642775419732,5304.791191831293
2013-01-02,4151.159965900306,2827.630756923392,5375.185747181442
2013-01-03,4347.108366718954,3001.5857382384997,5634.12407268665
2013-01-04,4453.230717460808,3196.0626573751597,5774.003976955084
2013-01-05,4445.031017943938,3234.6715774242816,5642.020345762011
2013-01-06,4212.898352256616,2968.714264979285,5496.805643633576
2013-01-07,4412.933477643085,3070.0411146401802,5734.9505708123725
2013-01-08,4671.409573459868,3453.2206160890637,5937.961588610065
2013-01-09,4798.594289229302,3577.1570472450057,5948.733565830823
2013-01-10,5003.610585501107,3788.4694783295968,6298.751498648023
2013-01-11,5108.704441057245,3842.9614458388714,6393.154598873285
2013-01-12,5089.843471530258,3910.7592930642218,6306.693247022489
2013-01-13,4838.077516322434,3699.4010721372583,6159.761410589491
2013-01-14,5010.343478088673,3723.927725001892,6191.152052041887
2013-01-15,5233.900399411116,4005.7631675904795,6479.998762075035
2013-01-16,5320.1226762323495,4138.729018873335,6541.809300805426
2013-01-17,5479.329735615362,4166.691086871608,6788.759162355901
2013-01-18,5535.02113442978,4324.096173594872,6837.832330747577
2013-01-19,5464.44203118197,4262.669616256553,6728.010080855974
2013-01-20,5159.910993502866,3942.9811322835035,6410.490831363889
2013-01-21,5279.5933044134,4016.742540418054,6534.421024924711
2013-01-22,5451.9065798924,4229.565524182612,6784.200492437752
2013-01-23,5489.287351765651,4132.863878081608,6739.727331452883
2013-01-24,5602.997604338979,4321.122135482576,6901.344595519188
2013-01-25,5617.340771429476,4398.846946129033,6765.963037430227
2013-01-26,5510.212571341359,4386.6815018802945,6748.840354122616
2013-01-27,5174.418932807801,3852.4235649046,6325.699306834488
2013-01-28,5268.444324470108,3997.1111180777903,6505.418276255907
2013-01-29,5420.857306831748,4156.656430401665,6685.558118835719
2013-01-30,5444.081826110292,4114.814954448536,6733.376901117912
2013-01-31,5549.2129689625035,4181.155423995348,6803.164424791266
2013-02-01,5560.246290354273,4224.461946039124,6770.368797677815
2013-02-02,5454.645586277602,4174.899962160352,6656.264230985514
2013-02-03,5124.680763483655,3826.5209876981166,6322.075609420686
2013-02-04,5228.218442055024,3935.253778982803,6504.48124619329
2013-02-05,5393.15137813559,4068.7609118766977,6603.786759254302
2013-02-06,5431.194462131203,4058.0644225171995,6592.56832578073
2013-02-07,5552.725237857219,4278.077544417556,6749.292834466676
2013-02-08,5581.037295059403,4339.460917947945,6847.715327620412
2013-02-09,5492.930683225239,4292.463656994112,6659.049144598124
2013-02-10,5180.070332184605,3922.190239766952,6328.3297449404145
2013-02-11,5299.794524906487,4133.244023948994,6580.697840996412
2013-02-12,5479.55901228057,4254.637560991512,6710.696501825105
2013-02-13,5530.7441342531665,4272.9829250724,6878.325085448289
2013-02-14,5663.502618819014,4465.326954771158,6923.426017889985
2013-02-15,5701.016261036016,4468.11439659296,6890.851279319554
2013-02-16,5620.085606422687,4351.5734940110815,6857.644374770761
2013-02-17,5312.48372657855,3997.5839998105453,6545.355915141875
2013-02-18,5435.756356001422,4100.248224726722,6685.575310236082
2013-02-19,5617.654316520184,4427.519425428475,6901.263114987396
2013-02-20,5669.926031828908,4537.342398507904,7068.724548298843
2013-02-21,5803.148328704297,4587.002103010691,7033.17059526063
2013-02-22,5840.964322141108,4608.216825971169,7044.508419172349
2013-02-23,5760.653154797015,4439.969037991123,6961.454487011502
2013-02-24,5454.4633551914485,4176.741556812949,6640.660828752585
2013-02-25,5580.392769683967,4355.795531351511,6887.48900110476
2013-02-26,5766.6016688218515,4515.600439281872,7028.088999288595
2013-02-27,5825.187472044996,4553.486706816333,7023.035858894062
2013-02-28,5966.999876527421,4686.920695544098,7277.5412483515065
2013-03-01,6015.865706293293,4753.203362288205,7212.993832659897
2013-03-02,5949.148684927821,4756.192854778242,7232.166491523399
2013-03-03,5659.07623025272,4409.686136081026,6894.7771358362415
2013-03-04,5803.516450996272,4618.925662138726,6922.1026021787275
2013-03-05,6010.392055538209,4827.081555578194,7243.5637975795635
2013-03-06,6091.459607702203,4786.684586406339,7344.174945383571
2013-03-07,6257.132788426803,4968.045407200043,7501.5271813502995
2013-03-08,6330.718738735927,5092.3398142657215,7556.598585619198
2013-03-09,6288.9923405131685,5011.990752069266,7540.906272730879
2013-03-10,6023.540091316505,4821.722582113705,7315.759577238722
2013-03-11,6191.556229528959,4927.277646032718,7519.267362844374
2013-03-12,6420.277230710229,5060.55175883303,7668.398283821418
2013-03-13,6520.782473548132,5231.280891905484,7646.573784343719
2013-03-14,6702.8390697226605,5469.049591089096,7862.610606269951
2013-03-15,6789.159261022678,5534.998869209578,8048.150712715482
2013-03-16,6755.994581001503,5482.535744508857,7910.007353562648
2013-03-17,6494.497811167849,5336.416559989749,7874.723918669505
2013-03-18,6661.5348137956125,5432.605851775595,7861.67817470912
2013-03-19,6884.131857502264,5709.139779399905,8221.742149392096
2013-03-20,6973.285814140357,5736.308617354084,8229.114350391124
2013-03-21,7138.814899124247,5904.287075186312,8396.013595246286
2013-03-22,7203.618143873776,5850.538415490326,8543.996970646509
2013-03-23,7144.267697134818,5940.082306954998,8456.9496307192
2013-03-24,6852.365002018938,5499.672958730595,8129.351945304718
2013-03-25,6985.343064740184,5829.880839682055,8248.476227311567
2013-03-26,7170.900678323679,5968.067082766002,8421.454514305235
2013-03-27,7220.796333042914,5879.236134612749,8399.04763607334
2013-03-28,7345.679934625335,6164.034042986395,8586.495254476855
2013-03-29,7369.331050366084,6197.2400331467325,8664.353106471226
2013-03-30,7269.2283782866625,5954.766161286713,8586.383408817612
2013-03-31,6937.882133821094,5703.492768039541,8250.207152389587
2013-04-01,7033.6122478938705,5854.614766262852,8293.437578303894
2013-04-02,7184.958927808435,5797.832027560072,8378.417030658396
2013-04-03,7204.453990879032,5857.2094348266055,8342.496503851029
2013-04-04,7303.431740101139,6048.216008320516,8516.50727647411
2013-04-05,7306.24870133453,6032.565352549301,8464.435893873728
2013-04-06,7190.837449924464,5900.273674309356,8446.159068923549
2013-04-07,6850.026671944757,5519.2795199026295,8091.889335000514
2013-04-08,6942.310709329771,5725.74472085968,8122.417935002325
2013-04-09,7096.255390126784,5934.687510915438,8353.27115988175
2013-04-10,7124.268690760147,5912.782375030871,8377.841493281603
2013-04-11,7237.415019856134,5963.359254131911,8547.656742783007
2013-04-12,7259.642346152471,6043.381863752838,8499.512489617919
2013-04-13,7168.347187276774,5794.938895573978,8426.384600250633
2013-04-14,6855.709285556063,5575.147895165927,8068.083500217453
2013-04-15,6979.478802684523,5699.144165916042,8225.26580980257
2013-04-16,7167.402330995807,5873.627657291545,8437.105161884609
2013-04-17,7231.015693467508,6057.429199638607,8408.82905524396
2013-04-18,7380.481692897651,6193.730799157088,8710.670091780734
2013-04-19,7438.8413676938,6073.60348123949,8680.503202306183
2013-04-20,7382.603089438375,6117.963618777664,8644.60922193498
2013-04-21,7103.100650044886,5930.339263949642,8332.212098525179
2013-04-22,7257.302514971887,6057.541144347564,8517.401515580848
2013-04-23,7472.257926728388,6186.005586567201,8758.157341984188
2013-04-24,7558.907276832654,6265.578650762899,8837.872816425881
2013-04-25,7726.934428028141,6502.259656595256,8977.824624942748
2013-04-26,7799.029154434311,6458.754080471708,9104.63556036359
2013-04-27,7751.483744806821,6335.800674006039,8986.801218668514
2013-04-28,7475.554734433169,6291.145683169519,8774.075955186392
2013-04-29,7628.271872221638,6364.51683230388,8855.391245492203
2013-04-30,7836.880051142104,6546.431429611526,9027.200810168171
2013-05-01,7912.641775961094,6608.103500850548,9069.925085058094
2013-05-02,8065.678112501122,6864.804800781077,9244.595400046373
2013-05-03,8119.216646861264,6863.110464156986,9441.639254451075
2013-05-04,8050.170947699875,6747.7223992680265,9271.119053253396
2013-05-05,7750.483018504553,6528.970947967202,9040.295349372978
2013-05-06,7877.911425558892,6569.0653315095005,9133.478715554478
2013-05-07,8060.451449279035,6892.399813987288,9270.06475440943
2013-05-08,8110.115474300343,6838.403090155542,9388.348241599293
2013-05-09,8237.752206909914,6985.460106770433,9515.244340993024
2013-05-10,8267.273876609364,7058.469669092262,9508.099288119996
2013-05-11,8176.21650884614,6960.988899099466,9435.618243776422
2013-05-12,7857.065298170712,6666.324176367357,9114.020670958758
2013-05-13,7968.02824262391,6772.704073178886,9260.466090764388
2013-05-14,8137.4447814103305,6858.383697439894,9438.910403238939
2013-05-15,8177.557953874627,6906.751541504096,9380.553908688218
2013-05-16,8299.328871065803,7016.950214809996,9491.98850894147
2013-05-17,8326.662754204463,7209.547057822764,9564.89343168407
2013-05-18,8236.971617438461,6898.810082826961,9301.242787301595
2013-05-19,7922.505508511873,6603.7487774236715,9144.723216513126
2013-05-20,8041.135250821724,6903.000675596197,9267.838607276028
2013-05-21,8220.773117282515,7005.676610086043,9489.175798496371
2013-05-22,8273.15955814527,7021.365158017705,9556.742917010226
2013-05-23,8408.694306516076,7069.299899279783,9646.3302164939
2013-05-24,8450.680591298995,7248.499977588671,9665.900818597498
2013-05-25,8375.906969548101,7149.309544764911,9610.358593383286
2013-05-26,8075.998102926673,6825.989521735614,9361.318952253932
2013-05-27,8208.21682728764,6990.9167631172,9391.767253693719
2013-05-28,8399.90336371376,7142.398043402665,9649.261697328679
2013-05-29,8462.27924092593,7155.05293213777,9710.715758076032
2013-05-30,8605.293746881314,7432.978199172696,9806.85079073435
2013-05-31,8651.881194572125,7451.894880106608,9929.711664317707
2013-06-01,8578.553143469915,7352.94201784319,9799.679277383713
2013-06-02,8276.756615612067,6938.196974057744,9572.964003538524
2013-06-03,8403.680462419803,7195.490891748424,9583.673207960162
2013-06-04,8586.6956355879,7408.652356505665,9841.659495064205
2013-06-05,8637.156936937525,7466.730251370996,9918.255944254832
2013-06-06,8765.244169104722,7576.804329345045,10056.28505934437
2013-06-07,8794.211171143616,7597.313905266482,10011.392251588788
2013-06-08,8700.967167805651,7416.937824437866,9955.930129918233
2013-06-09,8377.421837448686,7195.502787908451,9634.213613485801
2013-06-10,8481.276687489742,7262.825768293914,9690.284843661382
2013-06-11,8640.448976515903,7327.0567744245,9857.575046775075
2013-06-12,8666.856281370456,7411.727083023704,9902.833861840983
2013-06-13,8771.240175625731,7508.335123069414,9955.4844574425
2013-06-14,8777.398052262464,7470.966611818801,9942.334681843238
2013-06-15,8662.748055145626,7397.427900074756,9973.389163374966
2013-06-16,8319.659030692164,7104.040009111786,9572.780979453599
2013-06-17,8406.22855008552,7246.271212883285,9617.152808391946
2013-06-18,8550.695643584299,7254.3788343105125,9886.369812196934
2013-06-19,8565.216676426904,7258.228207753203,9882.288971751275
2013-06-20,8660.683082816715,7430.560872932189,9819.586168636637
2013-06-21,8660.950152411122,7422.238162264946,9936.470557870865
2013-06-22,8543.401902454076,7229.637708053173,9778.826316071241
2013-06-23,8200.283920829923,6956.4738885433535,9588.925336421456
2013-06-24,8289.487110894519,7022.598255528724,9590.506242979252
2013-06-25,8438.968770956573,7191.305358866753,9689.837011885142
2013-06-26,8460.53914707511,7033.527918632223,9645.246279619407
2013-06-27,8564.691812163617,7342.399239418529,9822.734768537888
2013-06-28,8574.846641429518,7342.076679282768,9758.500908700515
2013-06-29,8467.929945698954,7186.579361844216,9692.659787834722
2013-06-30,8135.723144117414,6974.544677157864,9326.231673508173
2013-07-01,8235.662387269456,7043.267522274551,9513.623451916805
2013-07-02,8395.275044177277,7140.312431089341,9718.172946601373
2013-07-03,8425.980689443044,7133.162067396643,9649.540583028764
2013-07-04,8537.93447396161,7285.881755809157,9818.805775293567
2013-07-05,8554.281227500083,7340.35405307975,9728.387125386107
2013-07-06,8451.744494075278,7199.492019880256,9779.778204381164
2013-07-07,8121.981593634989,6773.776991101683,9349.54628285254
2013-07-08,8222.386914811004,6937.7294880038135,9384.807013939153
2013-07-09,8380.529234292691,7114.770156417238,9646.717889356561
2013-07-10,8407.950673263711,7163.88751917075,9701.39384697471
2013-07-11,8515.005241544815,7276.903851364347,9674.484611993086
2013-07-12,8525.105475921375,7210.707838574724,9805.524649674242
2013-07-13,8415.301617835225,7041.749609333509,9650.28706780129
2013-07-14,8077.624746632411,6783.859325117092,9338.49187788089
2013-07-15,8169.87646411558,6904.4243735922455,9419.888444785172
2013-07-16,8320.051372946422,7121.618836233747,9518.822661270775
2013-07-17,8340.12044822341,6983.683505219307,9529.748003404835
2013-07-18,8440.853768198795,7157.796428384313,9644.122535766477
2013-07-19,8446.051636015498,7184.3013395703065,9718.5942029515
2013-07-20,8333.109056393907,6986.577326495316,9612.999340488248
2013-07-21,7994.3454789684365,6649.563610991517,9190.877090213662
2013-07-22,8087.782860394347,6819.806547772528,9325.275292124492
2013-07-23,8241.558690181857,6958.345398418187,9486.324872369772
2013-07-24,8267.702414966589,6922.122274303235,9510.850128054615
2013-07-25,8376.953984373738,7131.976314593916,9581.585384495127
2013-07-26,8392.993720694434,7044.724999719766,9740.003040861888
2013-07-27,8293.008553742893,7063.8021293280935,9579.472138685287
2013-07-28,7969.026513986213,6682.139890530271,9193.133253135962
2013-07-29,8078.702421253605,6966.780621347256,9377.067957540296
2013-07-30,8249.741205814642,7041.187504054948,9558.098173819772
2013-07-31,8293.687000793849,6981.624519823261,9484.964265811135
2013-08-01,8420.756354342531,7227.971080067778,9731.475197993348
2013-08-02,8454.084321121169,7217.129319932312,9827.716958274246
2013-08-03,8370.30797719016,7177.459623179283,9621.685819421979
2013-08-04,8060.91871457943,6771.75714135234,9338.846084907433
2013-08-05,8183.065692917948,6899.972487863299,9474.418655623407
2013-08-06,8363.9963191901,7099.4938002793515,9613.431832457698
2013-08-07,8414.861340612844,7286.870302055063,9555.62810212412
2013-08-08,8545.562374291456,7263.2275582726015,9763.841840944011
2013-08-09,8579.010154193387,7390.740325392978,9862.308758088699
2013-08-10,8491.71762169324,7368.335389666255,9796.222388131566
2013-08-11,8175.158872854803,6893.487979771229,9494.01072468581
2013-08-12,8286.57608286983,7015.7198136723855,9660.969118442476
2013-08-13,8453.42011680165,7236.055518421382,9677.111270769718
2013-08-14,8487.152350725219,7265.458555236175,9785.231377265614
2013-08-15,8598.085570063262,7361.4286265200735,9895.691667337782
2013-08-16,8609.632372630484,7351.776881434757,9955.099976878424
2013-08-17,8498.885450085301,7307.288843334398,9766.725309110372
2013-08-18,8157.9611024178,6930.640769443032,9420.5116645108
2013-08-19,8244.788531987024,7088.747667077781,9423.580783361556
2013-08-20,8387.531124890065,7149.422263297632,9648.551737793858
2013-08-21,8398.367800618564,7287.663529190156,9684.57045340558
2013-08-22,8488.31289552665,7275.762247311745,9824.462476450348
2013-08-23,8481.443630593902,7198.576823296505,9724.547930766175
2013-08-24,8355.460165733595,7053.22850670558,9637.626372992258
2013-08-25,8003.010210497725,6864.151614146713,9215.651613183956
2013-08-26,8082.461320856954,6698.229471722595,9313.957413628574
2013-08-27,8222.307623029195,7052.217911884957,9568.85359442809
2013-08-28,8234.93951195435,7026.158357850706,9472.144242525475
2013-08-29,8331.455175285755,7092.16917874197,9545.766222129225
2013-08-30,8335.88328506314,7101.841066299092,9541.64932136202
2013-08-31,8225.742047575839,6964.399553793591,9527.233684912562
2013-09-01,7893.36665944609,6798.314168114167,9140.724456630505
2013-09-02,7996.688264244445,6739.785730022452,9310.449293326987
2013-09-03,8163.651001639688,6961.438762343935,9388.747466971941
2013-09-04,8205.99543740114,6915.962241992192,9460.253584756154
2013-09-05,8334.086862253514,7173.611834267602,9605.60984193395
2013-09-06,8371.157345018246,7123.984310871913,9533.65425467645
2013-09-07,8293.886192738062,7052.676565680408,9531.037759135388
2013-09-08,7993.7502621121375,6779.67363319955,9191.817529649947
2013-09-09,8127.826564302841,6865.607446396171,9342.33751235237
2013-09-10,8323.233073244122,7075.284345294738,9589.907306415687
2013-09-11,8390.935334237553,7202.452006657057,9708.495591610283
2013-09-12,8540.596680082921,7336.163472567529,9806.362303131049
2013-09-13,8594.840290466454,7314.973731146672,9848.272422031088
2013-09-14,8529.84714815065,7301.2721507095075,9748.591390414798
2013-09-15,8236.720805909328,7046.319519845925,9533.076007792963
2013-09-16,8372.300960897695,7211.954175550998,9682.674071173213
2013-09-17,8563.611400167183,7366.283884171473,9801.776020422423
2013-09-18,8621.66967769294,7481.238384493998,9903.110770141053
2013-09-19,8756.336211647387,7536.450397513386,10015.97369755984
2013-09-20,8790.571041520137,7581.6253930072635,10000.234139481181
2013-09-21,8701.022425767616,7473.754475602747,9894.095779906844
2013-09-22,8379.378441556128,7238.513169332795,9633.125984498101
2013-09-23,8483.16394506686,7161.775617092021,9696.456880981996
2013-09-24,8640.168922211122,7379.405353898801,9891.471866955897
2013-09-25,8662.23614765989,7409.779601915794,9890.778178135204
2013-09-26,8760.086474136506,7500.749453050124,10068.032529377555
2013-09-27,8757.5506823025,7537.362203420809,9966.07803329728
2013-09-28,8632.13280026689,7454.454942081191,9841.121732352874
2013-09-29,8276.336798951561,7012.051623494343,9611.386358028876
2013-09-30,8348.439760942987,7078.037411290818,9682.654920500294
2013-10-01,8476.898264434056,7255.228959460177,9722.274865342348
2013-10-02,8474.116563234036,7216.321038888463,9760.00877268187
2013-10-03,8551.255479232002,7236.320410467465,9809.619305658183
2013-10-04,8532.451445317827,7357.484959016491,9732.471372088352
2013-10-05,8395.371012974812,7047.153731388379,9626.919136188693
2013-10-06,8032.533020688554,6739.695545341354,9308.91697352417
2013-10-07,8102.081685933934,6965.638408572245,9312.954265739787
2013-10-08,8232.197396706582,6907.794168988727,9448.580565939319
2013-10-09,8234.873685176311,6940.31942422929,9516.06382098052
2013-10-10,8320.739070336691,7068.407978005013,9561.281101495555
2013-10-11,8313.292852757391,7059.093100083034,9605.967191012829
2013-10-12,8189.479704709733,6911.8373078094755,9455.39485824145
2013-10-13,7841.034677713843,6563.8492717472245,9039.939628251846
2013-10-14,7925.281228986559,6676.175667331061,9151.092113027558
2013-10-15,8069.56831302113,6828.73481444732,9397.231418730138
2013-10-16,8085.074243534402,6905.692218024521,9393.067081569765
2013-10-17,8181.655210121921,6999.685808153116,9447.028191692572
2013-10-18,8182.106728423121,6982.32682422296,9451.8945686361
2013-10-19,8062.762084549991,6804.283864117117,9301.01832047043
2013-10-20,7714.8586583201095,6496.321050417281,9050.27031225902
2013-10-21,7795.354056352304,6537.564230616274,9060.13462287961
2013-10-22,7931.377518219452,6823.310569462886,9211.46920268339
2013-10-23,7934.0438231793505,6613.326717994643,9168.297979185108
2013-10-24,8013.307224491113,6677.136839656696,9314.96761365667
2013-10-25,7992.223464792812,6726.134335016293,9263.47767813235
2013-10-26,7847.543847931192,6655.19682068628,9121.525672260277
2013-10-27,7471.072310306086,6101.101679193586,8748.728095025246
2013-10-28,7520.467624997352,6250.652286575707,8824.611774020414
2013-10-29,7623.676543369579,6400.68468045606,8872.536276104604
2013-10-30,7592.725574071658,6243.899959950529,8770.37489105932
2013-10-31,7638.549517388174,6313.7389605310045,8843.674569001212
2013-11-01,7585.225502087458,6289.677914489613,8779.023324923988
2013-11-02,7410.5372776369095,6165.118520152874,8649.66748389398
2013-11-03,7007.301544585418,5792.504344516599,8318.419463871782
2013-11-04,7034.139334855469,5727.443146115406,8350.5192033026
2013-11-05,7119.8791390702545,5869.693987933557,8405.56326996061
2013-11-06,7077.320361718179,5880.653618642513,8392.553952949986
2013-11-07,7118.036066111743,5843.294621354737,8401.25208716797
2013-11-08,7066.584538924089,5848.7806852984295,8276.24973019648
2013-11-09,6901.055125411896,5678.338130166526,8202.206754255405
2013-11-10,6514.380711243627,5275.866702856606,7843.852092692104
2013-11-11,6565.100332685829,5311.297530401303,7801.91768382559
2013-11-12,6681.758944593364,5446.010518266964,7892.323925875745
2013-11-13,6676.673110775097,5425.380030165939,8036.598135432
2013-11-14,6760.741607248345,5462.631247084557,8034.766179250515
2013-11-15,6757.670339117017,5543.742432310541,8120.1513459934595
2013-11-16,6644.536737600276,5420.851894043586,7858.723584794243
2013-11-17,6313.125579493479,5129.916460293728,7665.378199259113
2013-11-18,6420.719138849258,5192.756402765763,7630.846997961416
2013-11-19,6594.528004699016,5376.634766385481,7816.524424282713
2013-11-20,6645.4905284041215,5453.274627131228,7953.413479049076
2013-11-21,6783.119006177325,5489.269075949688,8012.740025288342
2013-11-22,6829.761052353671,5557.095385095988,7965.338830356341
2013-11-23,6761.200350407804,5599.024832270961,8129.372169797248
2013-11-24,6468.0277368347615,5163.755643327963,7769.945080288009
2013-11-25,6606.464560198513,5318.006471023933,7796.144057029515
2013-11-26,6802.823728159827,5558.582749751836,7980.662557592385
2013-11-27,6867.3355572922965,5671.148497473223,8146.10039545148
2013-11-28,7009.015778513287,5786.33975528477,8294.218838078565
2013-11-29,7049.943518434099,5816.230103884379,8277.685344990587
2013-11-30,6965.872943926243,5709.503023447187,8329.714129174807
2013-12-01,6647.609175495713,5384.099945689374,7858.748340274771
2013-12-02,6751.830222805701,5440.675855128019,8016.611422361218
2013-12-03,6905.540332898218,5627.396761211943,8133.667845886844
2013-12-04,6919.882011793418,5653.653552065428,8113.267493968694
2013-12-05,7004.984383253199,5756.591848720827,8222.115951880587
2013-12-06,6984.216173303128,5622.9913059047685,8207.631978405923
2013-12-07,6834.767621485183,5562.70792911646,8136.283616660925
2013-12-08,6448.9926673934715,5249.728173238437,7726.1175014730825
2013-12-09,6485.194018456031,5173.6552331179755,7788.4596047013665
2013-12-10,6572.037429116375,5397.419566477533,7908.138259339881
2013-12-11,6522.32345353864,5144.4784241431,7812.4140745020595
2013-12-12,6547.795372055545,5327.867791093146,7891.1330367371565
2013-12-13,6473.352623548422,5143.821641715619,7686.2257499381
2013-12-14,6277.595067369771,5151.04235107424,7543.4168077106215
2013-12-15,5854.130397544983,4571.2441661168605,7176.6600697487975
2013-12-16,5862.328214731431,4623.740962868692,7050.439993154022
2013-12-17,5931.707886735374,4641.294472393254,7193.063771841188
2013-12-18,5875.689140036959,4534.6320666118445,7149.793720189315
2013-12-19,5906.384624354685,4533.141223753005,7193.182487309075
2013-12-20,5848.804171364563,4545.366967012155,7117.757418896145
2013-12-21,5681.396296990999,4490.2590191270065,6972.770364362381
2013-12-22,5297.359327016652,4046.3550153791734,6564.131737016281
2013-12-23,5355.40553850865,4177.64795670577,6608.544443163451
2013-12-24,5484.165168461594,4191.068637177309,6719.930300554402
2013-12-25,5495.958794292642,4268.929381505038,6801.778144004696
2013-12-26,5601.6167443246595,4288.2548587983465,6788.08577553149
2013-12-27,5624.714545674022,4476.35810072511,6937.391037752825
2013-12-28,5542.149135222528,4284.364561354415,6793.175234139066
2013-12-29,5245.487302263817,4039.330777612224,6488.7482797489265
2013-12-30,5391.768781754963,4075.394964491356,6607.368361323385
2013-12-31,5607.949840092386,4324.6758071423465,6819.548550192508
